Book Id,Title,Author,Author l-f,Additional Authors,ISBN,ISBN13,My Rating,Average Rating,Publisher,Binding,Number of Pages,Year Published,Original Publication Year,Date Read,Date Added,Bookshelves,Bookshelves with positions,Exclusive Shelf,My Review,Spoiler,Private Notes,Read Count,Owned Copies
173754979,James,Percival Everett,"Everett, Percival",,"=""0385550367""","=""9780385550369""",0,4.48,Knopf Doubleday,Hardcover,303,2024,2024,,2025/04/03,"jack-s-6-star, to-read","jack-s-6-star (#1), to-read (#210)",to-read,,,,0,0
49236083,Boulder,Eva Baltasar,"Baltasar, Eva",Nicole d'Amonville Alegría,"=""8439736967""","=""9788439736967""",0,3.92,Literatura Random House,Paperback,128,2020,2020,,2025/04/03,"jack-s-6-star, to-read","jack-s-6-star (#3), to-read (#209)",to-read,,,,0,0
199798201,The Safekeep,Yael van der Wouden,"Wouden, Yael van der",,"=""1668034344""","=""9781668034347""",0,4.08,Avid Reader Press / Simon & Schuster,Hardcover,272,2024,2024,,2025/04/03,"jack-s-6-star, to-read","jack-s-6-star (#4), to-read (#208)",to-read,,,,0,0
123136728,Orbital,Samantha Harvey,"Harvey, Samantha",,"=""0802161545""","=""9780802161543""",0,3.58,Atlantic Monthly Press,Hardcover,207,2023,2023,,2025/04/03,"jack-s-6-star, to-read","jack-s-6-star (#5), to-read (#207)",to-read,,,,0,0
139400713,Martyr!,Kaveh Akbar,"Akbar, Kaveh",,"=""0593537610""","=""9780593537619""",0,4.20,Knopf,Hardcover,331,2024,2024,,2025/04/03,"jack-s-6-star, to-read","jack-s-6-star (#6), to-read (#206)",to-read,,,,0,0
181109993,Evenings and Weekends,Oisín McKenna,"McKenna, Oisín",,"=""0063319977""","=""9780063319974""",0,3.79,Mariner Books,Hardcover,352,2024,2024,,2025/04/03,"jack-s-6-star, to-read","jack-s-6-star (#7), to-read (#205)",to-read,,,,0,0
54785501,Last Summer in the City,Gianfranco Calligarich,"Calligarich, Gianfranco","André Aciman, Howard Curtis","=""0374600155""","=""9780374600150""",0,3.66,"Farrar, Straus and Giroux",Hardcover,192,2021,1970,,2025/04/03,"jack-s-6-star, to-read","jack-s-6-star (#8), to-read (#204)",to-read,,,,0,0
58877223,Kairos,Jenny Erpenbeck,"Erpenbeck, Jenny",,"=""332860085X""","=""9783328600855""",0,3.37,Penguin Verlag,Hardcover,379,2021,2021,,2025/04/03,"jack-s-6-star, to-read","jack-s-6-star (#9), to-read (#203)",to-read,,,,0,0
27793819,Madonna in a Fur Coat,Sabahattin Ali,"Ali, Sabahattin","Maureen Freely, Alexander Dawe","=""014198127X""","=""9780141981277""",0,4.38,Penguin,Kindle Edition,168,2016,1943,,2025/04/03,"jack-s-6-star, to-read","jack-s-6-star (#10), to-read (#202)",to-read,,,,0,0
61273347,A Death at the Party,Amy Stuart,"Stuart, Amy",,"=""1668009102""","=""9781668009109""",0,3.56,Simon & Schuster,Paperback,304,2023,2023,,2025/06/10,to-read,to-read (#201),to-read,,,,0,0
56769614,Poison for Breakfast,Lemony Snicket,"Snicket, Lemony",,"=""1324090626""","=""9781324090625""",0,3.85,Liveright,Hardcover,158,2021,2021,,2025/06/09,to-read,to-read (#200),to-read,,,,0,0
232610187,一份值得熱愛的工作……在哪裡？: 「人生學校」的職涯新提案，錢和快樂一起賺！ (職場方舟) (Traditional Chinese Edition),人生學校,"人生學校, 人生學校",謝慈,"=""6267596605""","=""9786267596609""",3,3.00,方舟文化,Kindle Edition,151,2025,,,2025/06/09,,,read,,,,1,0
219876684,The Answer Is No,Fredrik Backman,"Backman, Fredrik",Elizabeth DeNoma,"=""1662526520""","=""9781662526527""",0,3.93,Amazon Original Stories ,Kindle Edition,68,2024,2024,,2025/06/09,currently-reading,currently-reading (#26),currently-reading,,,,1,0
234117959,一條命值多少？人命的價值誰能決定,Jenny Kleeman,"Kleeman, Jenny","珍妮．克利曼, 韓翔中","=""6264194131""","=""9786264194136""",0,4.07,時報出版,Kindle Edition,321,2025,,,2025/06/09,currently-reading,currently-reading (#25),currently-reading,,,,1,0
9278897,"The 4-Hour Work Week: Escape the 9-5, Live Anywhere and Join the New Rich",Timothy Ferriss,"Ferriss, Timothy",,"=""0091929113""","=""9780091929114""",0,3.91,Vermilion,Paperback,396,2011,2007,,2025/06/05,to-read,to-read (#199),to-read,,,,0,0
762462,One Up On Wall Street: How to Use What You Already Know to Make Money in the Market,Peter Lynch,"Lynch, Peter",,"=""0743200403""","=""9780743200400""",0,4.28,Simon & Schuster,Paperback,304,2000,1988,,2025/06/05,to-read,to-read (#198),to-read,,,,0,0
42366547,The Disaster Tourist,Yun Ko-eun,"Ko-eun, Yun",Lizzie Buehler,"=""1640094164""","=""9781640094161""",0,3.36,Counterpoint,Paperback,200,2020,2013,,2025/06/04,to-read,to-read (#197),to-read,,,,0,0
36911680,The Saturday Night Ghost Club,Craig Davidson,"Davidson, Craig",,"=""0735274827""","=""9780735274822""",0,3.83,Knopf Canada,Hardcover,253,2018,2018,,2025/06/03,to-read,to-read (#196),to-read,,,,0,0
209891406,Our Evenings,Alan Hollinghurst,"Hollinghurst, Alan",,"=""0593243064""","=""9780593243060""",0,3.95,Random House,Hardcover,496,2024,2024,,2025/06/03,to-read,to-read (#195),to-read,,,,0,0
199349912,The Coin,Yasmin Zaher,"Zaher, Yasmin",,"=""1646222105""","=""9781646222100""",0,3.48,Catapult,Hardcover,240,2024,2024,,2025/06/03,to-read,to-read (#194),to-read,,,,0,0
24874312,"The Nose (Penguin Little Black Classics, #46)",Nikolai Gogol,"Gogol, Nikolai",,"=""0141397527""","=""9780141397528""",0,3.72,Penguin Classics,Mass Market Paperback,53,2015,1836,,2025/06/02,to-read,to-read (#193),to-read,,,,0,0
1073750,The Vet's Daughter,Barbara Comyns,"Comyns, Barbara",Kathryn Davis,"=""1590170296""","=""9781590170298""",0,3.89,New York Review Books ,Paperback,152,2003,1959,,2025/06/02,to-read,to-read (#192),to-read,,,,0,0
41713576,The Shielding of Mrs Forbes,Alan Bennett,"Bennett, Alan",,"=""0571351824""","=""9780571351824""",0,3.96,Faber & Faber,Paperback,76,2019,2011,,2025/05/30,to-read,to-read (#191),to-read,,,,0,0
13456414,A Short Stay in Hell,Steven L. Peck,"Peck, Steven L.",,"=""098374842X""","=""9780983748427""",0,4.18,Strange Violin Editions,Paperback,110,2012,2011,,2025/05/25,to-read,to-read (#190),to-read,,,,0,0
36517148,"Downstairs at the White House: The Story of a Teenager, an Oval Office, and a Ringside Seat to Watergate",Donald M. Stinson,"Stinson, Donald M.",Donald M. Stinson,"=""""","=""""",0,4.27,Eastern Harbor Press,Kindle Edition,370,2017,2017,,2025/05/20,to-read,to-read (#189),to-read,,,,0,0
35390955,Upstairs at the White House: My Life with the First Ladies,J.B. West,"West, J.B.",Mary Lynn Kotz,"=""""","=""""",0,4.14,Open Road Media,Kindle Edition,541,2013,1973,,2025/05/20,to-read,to-read (#188),to-read,,,,0,0
22693222,The Residence: Inside the Private World of the White House,Kate Andersen Brower,"Brower, Kate Andersen",,"=""0062305190""","=""9780062305190""",0,3.81,Harper,Hardcover,281,2015,2015,,2025/05/20,currently-reading,currently-reading (#24),currently-reading,,,,1,0
197798168,All Fours,Miranda July,"July, Miranda",,"=""0593190262""","=""9780593190265""",0,3.49,Riverhead Books,Hardcover,336,2024,2024,,2025/04/03,"jack-s-6-star, to-read","jack-s-6-star (#2), to-read (#187)",to-read,,,,0,0
56347312,Start Without Me (I'll Be There in a Minute),Gary Janetti,"Janetti, Gary",,"=""125022585X""","=""9781250225856""",0,3.90,Henry Holt and Co.,Hardcover,208,2022,2022,,2025/05/17,to-read,to-read (#186),to-read,,,,0,0
59227941,The Hotel Nantucket,Elin Hilderbrand,"Hilderbrand, Elin",,"=""0316258679""","=""9780316258678""",0,4.05,"Little, Brown and Company",Hardcover,416,2022,2022,,2025/05/16,to-read,to-read (#185),to-read,,,,0,0
57554492,老派少女購物路線,洪愛珠,"洪愛珠, 洪愛珠",,"=""9573289989""","=""9789573289982""",0,4.44,遠流出版事業股份有限公司,Paperback,360,2021,2021,,2025/05/05,to-read,to-read (#184),to-read,,,,0,0
34234631,Mr Salary,Sally Rooney,"Rooney, Sally",,"=""0571351956""","=""9780571351954""",0,3.75,Faber & Faber,Paperback,33,2019,2016,,2025/04/30,to-read,to-read (#183),to-read,,,,0,0
223436601,"Careless People: A Cautionary Tale of Power, Greed, and Lost Idealism",Sarah Wynn-Williams,"Wynn-Williams, Sarah",,"=""1250391237""","=""9781250391230""",0,4.26,Flatiron Books,Hardcover,382,2025,2025,,2025/04/28,to-read,to-read (#182),to-read,,,,0,0
18106903,Handbook for the Recently Deceased,T. Burton,"Burton, T.",,"=""""","=""""",0,4.07,Geffen Books,Leather Bound,666,1988,1988,,2025/04/06,to-read,to-read (#181),to-read,,,,0,0
60128041,我的前半生: 末代皇帝自傳 (Traditional Chinese Edition),溥儀 愛新覺羅,"愛新覺羅, 溥儀",,"=""""","=""""",0,3.88,一個人,Kindle Edition,501,2021,,,2025/03/30,currently-reading,currently-reading (#23),currently-reading,,,,1,0
62192519,The Good Enough Job: Reclaiming Life from Work,Simone Stolzoff,"Stolzoff, Simone",,"=""059353896X""","=""9780593538968""",0,4.14,Portfolio,Hardcover,272,2023,2023,,2025/03/17,to-read,to-read (#180),to-read,,,,0,0
53331577,The Last Bookshop in London,Madeline  Martin,"Martin, Madeline",,"=""133528480X""","=""9781335284808""",0,4.14,Hanover Square Press,Paperback,325,2021,2021,,2025/03/13,to-read,to-read (#179),to-read,,,,0,0
8855321,"Leviathan Wakes (The Expanse, #1)",James S.A. Corey,"Corey, James S.A.",,"=""1841499889""","=""9781841499888""",0,4.31,Orbit,Paperback,592,2011,2011,,2025/03/11,to-read,to-read (#178),to-read,,,,0,0
61950200,香港散步學,黃宇軒,"黃宇軒, 黃宇軒",,"=""9887487058""","=""9789887487050""",0,3.86,白卷,Paperback,228,2022,,,2025/03/11,currently-reading,currently-reading (#22),currently-reading,,,,1,0
54814676,Crying in H Mart,Michelle Zauner,"Zauner, Michelle",,"=""0525657746""","=""9780525657743""",4,4.24,Knopf,Hardcover,243,2021,2021,,2022/11/24,,,read,,,,1,0
890,Of Mice and Men,John Steinbeck,"Steinbeck, John",,"=""0142000671""","=""9780142000670""",0,3.89,Penguin Books,Paperback,107,2002,1937,,2025/02/25,to-read,to-read (#177),to-read,,,,0,0
209628245,The Convenience Store by the Sea,Sonoko Machida,"Machida, Sonoko",Bruno Navasky,"=""1398722782""","=""9781398722781""",0,3.74,Orion,Kindle Edition,304,2025,2020,,2025/02/24,to-read,to-read (#176),to-read,,,,0,0
58778536,Do Not Disturb,Freida McFadden,"McFadden, Freida",,"=""""","=""""",0,3.92,Hollywood Upstairs Publishing,Kindle Edition,325,2021,2021,,2025/02/23,to-read,to-read (#175),to-read,,,,0,0
131359,"Death on the Nile (Hercule Poirot, #18)",Agatha Christie,"Christie, Agatha",,"=""""","=""""",0,4.12,Bantam Books,Paperback,352,1978,1937,,2025/02/20,to-read,to-read (#174),to-read,,,,0,0
65215677,Exit Interview: The Life and Death of My Ambitious Career,Kristi Coulter,"Coulter, Kristi",,"=""0374600902""","=""9780374600907""",5,4.16,MCD,Hardcover,384,2023,,,2025/02/20,,,read,,,,1,0
173404032,"Slow Noodles: A Cambodian Memoir of Love, Loss, and Family Recipes",Chantha Nguon,"Nguon, Chantha",,"=""1643753495""","=""9781643753492""",0,4.31,Algonquin Books,Hardcover,304,2024,2024,,2025/02/16,to-read,to-read (#173),to-read,,,,0,0
61070573,"Vera Wong's Unsolicited Advice for Murderers (Vera Wong, #1)",Jesse Q. Sutanto,"Sutanto, Jesse Q.",,"=""0593546180""","=""9780593546185""",0,4.03,Berkley,Kindle Edition,368,2023,2023,,2025/02/11,currently-reading,currently-reading (#21),currently-reading,,,,1,0
204316858,The Barn: The Secret History of a Murder in Mississippi,Wright Thompson,"Thompson, Wright",,"=""0593299825""","=""9780593299821""",0,4.35,Penguin Press,Hardcover,448,2024,2024,,2025/02/06,to-read,to-read (#172),to-read,,,,0,0
36474763,Nothing Good Can Come from This,Kristi Coulter,"Coulter, Kristi",,"=""0374286205""","=""9780374286200""",0,3.94,FSG Originals,Paperback,224,2018,2018,,2025/02/06,to-read,to-read (#171),to-read,,,,0,0
57570873,CAPS LOCK,Ruben Pater,"Pater, Ruben",,"=""9492095815""","=""9789492095817""",0,4.18,Valiz,Paperback,552,2021,2021,,2025/01/31,currently-reading,currently-reading (#20),currently-reading,,,,1,0
157591205,The List of Suspicious Things,Jennie Godfrey,"Godfrey, Jennie",,"=""1529153298""","=""9781529153293""",0,4.21,Hutchinson Heinemann,Hardcover,464,2024,2024,,2025/01/25,to-read,to-read (#170),to-read,,,,0,0
212089759,To Have and Have More,Sanibel,"Sanibel, Sanibel",,"=""1961795272""","=""9781961795273""",0,3.97,8th Note Press,Kindle Edition,352,2025,,,2025/01/24,to-read,to-read (#169),to-read,,,,0,0
199927666,Banal Nightmare,Halle Butler,"Butler, Halle",,"=""0593730356""","=""9780593730355""",0,3.41,Random House,Hardcover,336,2024,2024,,2025/01/24,to-read,to-read (#168),to-read,,,,0,0
200987323,I Hope This Finds You Well,Natalie Sue,"Sue, Natalie",,"=""0063320363""","=""9780063320369""",0,3.75,William Morrow,Hardcover,338,2024,2024,,2024/11/23,currently-reading,currently-reading (#19),currently-reading,,,,1,0
24796824,許三觀賣血記,Yu Hua,"Hua, Yu",,"=""9861736743""","=""9789861736747""",4,4.09,麥田出版社,Paperback,296,2011,1995,2025/01/17,2025/01/12,,,read,,,,1,0
51642969,All the Lonely People,Mike Gayle,"Gayle, Mike",,"=""1473687403""","=""9781473687400""",0,4.17,Hodder & Stoughton,Kindle Edition,430,2020,2020,,2025/01/13,to-read,to-read (#167),to-read,,,,0,0
63202481,The Museum of Ordinary People,Mike Gayle,"Gayle, Mike",,"=""1538740842""","=""9781538740842""",0,3.86,Grand Central Publishing,Paperback,336,2023,2022,,2025/01/13,to-read,to-read (#166),to-read,,,,0,0
30251193,素食者,Han Kang,"Kang, Han","韓江, 千日","=""9865671921""","=""9789865671921""",4,3.64,漫遊者文化事業股份有限公司,Paperback,208,2016,2007,2025/01/12,2025/01/08,,,read,,,,1,0
56816904,The Sentence,Louise Erdrich,"Erdrich, Louise",,"=""006267112X""","=""9780062671127""",0,3.94,Harper,Hardcover,387,2021,2021,,2025/01/11,to-read,to-read (#165),to-read,,,,0,0
90872,Self-Help,Lorrie Moore,"Moore, Lorrie",,"=""0307277291""","=""9780307277299""",0,4.12,Vintage,Paperback,163,2007,1985,,2025/01/08,to-read,to-read (#164),to-read,,,,0,0
46003069,三體III：死神永生,Liu Cixin,"Cixin, Liu",,"=""""","=""""",5,4.41,貓頭鷹出版社,Kindle Edition,560,2011,2010,2025/01/07,2024/11/28,,,read,,,,1,0
192724256,You'd Look Better as a Ghost,Joanna  Wallace,"Wallace, Joanna",,"=""0143136178""","=""9780143136170""",0,3.63,Penguin Books,Paperback,325,2024,2023,,2024/12/13,to-read,to-read (#163),to-read,,,,0,0
199504414,You Have Not Yet Heard Your Favourite Song: How Streaming Changes Music,Glenn McDonald,"McDonald, Glenn",,"=""1914487168""","=""9781914487163""",0,3.86,Canbury,Kindle Edition,292,2024,2024,,2024/12/05,to-read,to-read (#162),to-read,,,,0,0
46003070,三體II：黑暗森林,Liu Cixin,"Cixin, Liu",,"=""""","=""""",5,4.41,貓頭鷹出版社,Kindle Edition,553,2011,2008,2024/11/28,2024/11/02,,,read,,,,1,0
45032,Mansfield Park,Jane Austen,"Austen, Jane","Kathryn Sutherland, Charles Edmund Brock","=""""","=""""",0,3.86,Penguin Books,Paperback,488,2003,1814,,2023/08/20,to-read,to-read (#76),to-read,,,,0,0
46041465,Everything I Know About Love,Dolly Alderton,"Alderton, Dolly",,"=""0062968785""","=""9780062968784""",0,3.96,Harper,Hardcover,368,2020,2018,,2024/11/14,to-read,to-read (#161),to-read,,,,0,0
220237044,"Harry Potter and the Philosopher's Stone (Harry Potter, #1)",J.K. Rowling,"Rowling, J.K.",,"=""1781100217""","=""9781781100219""",0,4.47,Pottermore Publishing,Kindle Edition,337,2015,1997,,2024/11/14,currently-reading,currently-reading (#18),currently-reading,,,,1,0
20518872,"The Three-Body Problem (Remembrance of Earth’s Past, #1)",Liu Cixin,"Cixin, Liu",Ken Liu,"=""""","=""""",5,4.08,Tor Books,Hardcover,472,2014,2006,2024/11/01,2024/11/02,,,read,,,,1,0
60466963,The Forgotten Bookshop in Paris,Daisy Wood,"Wood, Daisy",,"=""0008525242""","=""9780008525248""",0,4.32,Avon,Paperback,367,2022,2022,,2024/10/08,to-read,to-read (#160),to-read,,,,0,0
18872940,The Design of Everyday Things,Donald A. Norman,"Norman, Donald A.",,"=""""","=""""",0,4.15,Basic Books,Kindle Edition,430,2013,1988,,2022/03/09,currently-reading,currently-reading (#17),currently-reading,,,,1,0
6798263,Bluets,Maggie Nelson,"Nelson, Maggie",,"=""1933517409""","=""9781933517407""",0,4.06,Wave Books,Paperback,112,2009,2009,,2024/09/30,to-read,to-read (#159),to-read,,,,0,0
61266261,The English Understand Wool,Helen DeWitt,"DeWitt, Helen",,"=""""","=""""",5,4.07,New Directions,Kindle Edition,73,2022,2022,2024/09/27,2024/07/15,,,read,,,,1,0
60879779,"Everyone in My Family Has Killed Someone (Ernest Cunningham, #1)",Benjamin   Stevenson,"Stevenson, Benjamin",,"=""0063279029""","=""9780063279025""",0,3.77,Mariner Books,Hardcover,371,2023,2022,,2024/09/24,to-read,to-read (#158),to-read,,,,0,0
62192261,The Door-to-Door Bookstore,Carsten Henn,"Henn, Carsten",Melody Shaw,"=""133549085X""","=""9781335490858""",0,4.13,Hanover Square Press,Hardcover,239,2023,2020,,2024/09/23,to-read,to-read (#157),to-read,,,,0,0
203469691,Yeonnam-dong's Smiley Laundromat,Kim Jiyun,"Jiyun, Kim",Shanna Tan,"=""1529437431""","=""9781529437430""",0,3.90,MacLehose Press,Kindle Edition,320,2024,2023,,2024/09/21,to-read,to-read (#156),to-read,,,,0,0
58361557,人生種種,好青年荼毒室,"好青年荼毒室, 好青年荼毒室",,"=""9888599666""","=""9789888599660""",5,4.44,天窗出版 Enrich Publishing,Kindle Edition,224,2021,,2021/10/20,2024/09/20,,,read,,,,2,0
195474144,Table for Two,Amor Towles,"Towles, Amor",,"=""0593296370""","=""9780593296370""",0,4.20,Viking,Hardcover,451,2024,2024,,2024/09/19,to-read,to-read (#155),to-read,,,,0,0
201465867,You Are Here,David Nicholls,"Nicholls, David",,"=""0063394057""","=""9780063394056""",0,4.01,Harper,Hardcover,368,2024,2024,,2024/09/19,to-read,to-read (#154),to-read,,,,0,0
205064706,The Book of Witching,C.J.  Cooke,"Cooke, C.J.",,"=""059381696X""","=""9780593816967""",0,3.77,Berkley,Paperback,365,2024,2024,,2024/09/15,to-read,to-read (#153),to-read,,,,0,0
139391940,"The Pumpkin Spice Café (Dream Harbor, #1)",Laurie Gilmore,"Gilmore, Laurie",,"=""0008610665""","=""9780008610661""",0,3.36,One More Chapter,ebook,373,2023,2023,,2024/09/15,to-read,to-read (#152),to-read,,,,0,0
209984441,William,Mason Coile,"Coile, Mason",,"=""0593854446""","=""9780593854440""",0,3.53,Putnam Pub Group,Paperback,224,2024,2024,,2024/09/15,to-read,to-read (#151),to-read,,,,0,0
25694617,His Bloody Project: Documents Relating to the Case of Roderick Macrae,Graeme Macrae Burnet,"Burnet, Graeme Macrae",,"=""1910192147""","=""9781910192146""",0,3.90,Contraband,Paperback,282,2015,2015,,2024/09/10,to-read,to-read (#150),to-read,,,,0,0
52648997,Earthlings,Sayaka Murata,"Murata, Sayaka",,"=""""","=""""",3,3.60,Grove Press,Kindle Edition,202,2020,2018,2024/09/06,2024/07/08,,,read,,,,1,0
54120408,Klara and the Sun,Kazuo Ishiguro,"Ishiguro, Kazuo",,"=""059331817X""","=""9780593318171""",0,3.74,Alfred A. Knopf,Hardcover,303,2021,2021,2024/08/26,2024/02/29,,,read,,,,1,0
199534613,Margo's Got Money Troubles,Rufi Thorpe,"Thorpe, Rufi",,"=""0063356589""","=""9780063356580""",0,3.86,William Morrow,Hardcover,304,2024,2024,,2024/08/26,to-read,to-read (#149),to-read,,,,0,0
25023533,A Cup of Sake Beneath the Cherry Trees,Yoshida Kenkō,"Kenkō, Yoshida",Meredith McKinney,"=""0141398264""","=""9780141398266""",0,3.74,Penguin Classics,Kindle Edition,64,2015,1340,,2024/08/26,currently-reading,currently-reading (#16),currently-reading,,,,1,0
195430687,Blue Sisters,Coco Mellors,"Mellors, Coco",,"=""0593723767""","=""9780593723760""",0,3.95,Ballantine Books,Hardcover,342,2024,2024,,2024/08/15,to-read,to-read (#148),to-read,,,,0,0
22822858,A Little Life,Hanya Yanagihara,"Yanagihara, Hanya",,"=""0385539258""","=""9780385539258""",0,4.29,Doubleday,Hardcover,720,2015,2015,,2024/08/03,to-read,to-read (#147),to-read,,,,0,0
75288071,The Theory of the Leisure Class,Thorstein Veblen,"Veblen, Thorstein",,"=""""","=""""",0,3.88,Grapevine India,Kindle Edition,339,2022,1899,,2023/10/05,currently-reading,currently-reading (#12),currently-reading,,,,1,0
50644618,Tiny Moons: A Year of Eating in Shanghai,Nina Mingya Powles,"Powles, Nina Mingya",,"=""1912915340""","=""9781912915347""",0,4.20,The Emma Press,Paperback,92,2020,2020,,2024/06/06,to-read,to-read (#146),to-read,,,,0,0
40916679,"A Good Girl's Guide to Murder (A Good Girl's Guide to Murder, #1)",Holly  Jackson,"Jackson, Holly",,"=""1405293187""","=""9781405293181""",0,4.29,Electric Monkey,Paperback,433,2019,2019,,2024/05/30,to-read,to-read (#145),to-read,,,,0,0
199310909,香港公屋：方格子的吶喊,梁啟智,"梁啟智, 梁啟智",,"=""626723651X""","=""9786267236512""",5,4.40,春山出版,Paperback,240,2023,,,2024/05/30,,,read,,,,1,0
199325020,How It Works Out,Myriam Lacroix,"Lacroix, Myriam",,"=""0385698402""","=""9780385698405""",0,3.67,Doubleday Canada,Hardcover,240,2024,2024,,2024/05/15,to-read,to-read (#144),to-read,,,,1,0
179311283,"Close to Death (Hawthorne & Horowitz, #5)",Anthony Horowitz,"Horowitz, Anthony",,"=""006330564X""","=""9780063305649""",0,4.12,Harper,Hardcover,432,2024,2024,,2024/05/15,to-read,to-read (#143),to-read,,,,0,0
60652997,"Hell Bent (Alex Stern, #2)",Leigh Bardugo,"Bardugo, Leigh",,"=""1250313104""","=""9781250313102""",0,4.11,Flatiron Books,Hardcover,481,2023,2023,,2024/04/28,to-read,to-read (#142),to-read,,,,0,0
55698321,第七天(全新珍藏版) (Traditional Chinese Edition),Yu Hua,"Hua, Yu",余華,"=""9863448079""","=""9789863448075""",5,3.97,麥田,Kindle Edition,174,2020,2013,2022/10/14,2022/10/08,favourite,favourite (#5),read,,,,1,0
36809135,Where the Crawdads Sing,Delia Owens,"Owens, Delia",,"=""0735219117""","=""9780735219113""",0,4.38,G.P. Putnam’s Sons,ebook,384,2018,2018,,2024/04/08,to-read,to-read (#141),to-read,,,,0,0
6713015,Hotel Iris,Yōko Ogawa,"Ogawa, Yōko",Stephen    Snyder,"=""0312425244""","=""9780312425241""",3,3.33,Picador,Paperback,164,2010,1996,2024/03/29,2024/03/22,,,read,,,,1,0
181350367,"How to Solve Your Own Murder (Castle Knoll Files, #1)",Kristen Perrin,"Perrin, Kristen",,"=""0593474015""","=""9780593474013""",0,3.80,Dutton,Hardcover,358,2024,2024,,2024/03/29,to-read,to-read (#140),to-read,,,,0,0
17623231,"殺手，迴光返照的命運 (殺手, #7)",Giddens Ko,"Ko, Giddens",九把刀,"=""9866000508""","=""9789866000508""",0,3.88,春天出版社,Paperback,320,2013,2013,,2024/03/26,currently-reading,currently-reading (#15),currently-reading,,,,1,0
1337973,The Diving Pool: Three Novellas,Yōko Ogawa,"Ogawa, Yōko",Stephen    Snyder,"=""0312426836""","=""9780312426835""",0,3.67,Picador,Paperback,164,2008,1990,,2024/03/22,to-read,to-read (#139),to-read,,,,0,0
16032127,Revenge,Yōko Ogawa,"Ogawa, Yōko",Stephen    Snyder,"=""""","=""""",0,4.02,Picador,Paperback,162,2013,1998,,2024/03/22,to-read,to-read (#138),to-read,,,,0,0
37004370,The Memory Police,Yōko Ogawa,"Ogawa, Yōko",Stephen    Snyder,"=""1101870605""","=""9781101870600""",0,3.71,Pantheon,Hardcover,274,2019,1994,,2024/03/22,to-read,to-read (#137),to-read,,,,0,0
12505,The Idiot,Fyodor Dostoevsky,"Dostoevsky, Fyodor","Anna Brailovsky, Joseph Frank, Constance Garnett","=""0679642420""","=""9780679642428""",0,4.21,Modern Library,Paperback,667,2003,1869,,2024/03/15,to-read,to-read (#136),to-read,,,,0,0
2429135,"The Girl With the Dragon Tattoo (Millennium, #1)",Stieg Larsson,"Larsson, Stieg",Reg Keeland,"=""0670069019""","=""9780670069019""",0,4.17,Viking Canada,Hardcover,480,2008,2005,,2024/03/15,to-read,to-read (#135),to-read,,,,0,0
36394047,文藝女青年這種病，生個孩子就好了。,苏美,"苏美, 苏美",蘇美,"=""9869333605""","=""9789869333603""",0,3.69,小貓流文化,Paperback,288,2016,,,2024/02/21,to-read,to-read (#134),to-read,,,,0,0
905,The Inner Game of Tennis: The Classic Guide to the Mental Side of Peak Performance,W. Timothy Gallwey,"Gallwey, W. Timothy","Pete Carroll, Zach Kleiman","=""0679778314""","=""9780679778318""",0,4.18,Random House Trade Paperbacks,Paperback,134,1997,1974,,2024/02/20,to-read,to-read (#133),to-read,,,,0,0
152034931,Unruly: The Ridiculous History of England's Kings and Queens,David   Mitchell,"Mitchell, David",,"=""0593728491""","=""9780593728499""",0,4.13,Crown,Kindle Edition,433,2023,2023,,2024/02/20,to-read,to-read (#132),to-read,,,,0,0
65916344,Holly,Stephen        King,"King, Stephen",,"=""1668016133""","=""9781668016138""",0,4.08,Scribner,Hardcover,449,2023,2023,,2024/02/19,to-read,to-read (#131),to-read,,,,0,0
38217638,Bullshit Jobs: A Theory,David Graeber,"Graeber, David",,"=""1501143344""","=""9781501143342""",0,4.03,Simon & Schuster,Kindle Edition,369,2018,2018,2024/01/09,2023/09/19,currently-reading,currently-reading (#14),currently-reading,,,,3,0
63241097,Murder in the Family,Cara Hunter,"Hunter, Cara",,"=""0063272075""","=""9780063272071""",3,3.72,William Morrow Paperbacks,Paperback,466,2023,2023,2024/02/01,2023/08/10,,,read,,,,1,0
41817486,A Clockwork Orange,Anthony Burgess,"Burgess, Anthony",,"=""0393341763""","=""9780393341768""",0,4.00,W. W. Norton & Company,Paperback,240,2019,1962,,2024/02/01,to-read,to-read (#130),to-read,,,,0,0
30343686,"Fine Art of Small Talk: Conversation Starters for Business Networking and Daily Life: Small Talk, How to Network, Always Know What to Say, How to Talk",Allan Green,"Green, Allan",,"=""1517362156""","=""9781517362157""",0,3.33,CreateSpace Independent Publishing Platform,Paperback,52,2015,,,2024/01/26,to-read,to-read (#129),to-read,,,,0,0
13504493,"殺手，登峰造極的畫 (殺手, #1)",Giddens Ko,"Ko, Giddens",九把刀,"=""9867494717""","=""9789867494719""",0,3.78,春天出版社,Paperback,224,2005,2005,,2024/01/22,to-read,to-read (#128),to-read,,,,0,0
58210662,"Burning Questions: Essays and Occasional Pieces, 2004 to 2021",Margaret Atwood,"Atwood, Margaret",,"=""038554748X""","=""9780385547482""",0,4.07,Doubleday,Hardcover,496,2022,2022,,2024/01/22,to-read,to-read (#127),to-read,,,,0,0
44168694,"Journal 29: Revelation (Journal 29, #2)",Dimitris Chassapakis,"Chassapakis, Dimitris",,"=""0692183051""","=""9780692183052""",0,4.28,Rain Projects ,Paperback,148,2018,2018,,2024/01/18,to-read,to-read (#126),to-read,,,,0,0
34794475,"Journal 29 (Journal 29, #1)",Dimitris Chassapakis,"Chassapakis, Dimitris",,"=""1635871727""","=""9781635871722""",0,4.19,Primedia eLaunch LLC,Paperback,148,2017,2017,,2024/01/18,to-read,to-read (#125),to-read,,,,0,0
61674571,Found in a Bookshop,Stephanie Butland,"Butland, Stephanie",,"=""""","=""""",0,4.22,Review,Kindle Edition,385,2023,2023,,2024/01/18,to-read,to-read (#124),to-read,,,,0,0
75349380,Don’t Forget to Write,Sara Goodman Confino,"Confino, Sara Goodman",,"=""1662512236""","=""9781662512230""",0,4.49,Lake Union Publishing,Kindle Edition,334,2023,2023,,2024/01/18,to-read,to-read (#123),to-read,,,,0,0
62060274,The Echo of Old Books,Barbara  Davis,"Davis, Barbara",,"=""1542038154""","=""9781542038157""",0,4.26,Lake Union Publishing,Kindle Edition,431,2023,2023,,2024/01/18,to-read,to-read (#122),to-read,,,,0,0
78819215,The Book of Beginnings,Sally Page,"Page, Sally",,"=""0008612870""","=""9780008612870""",0,4.18,HarperCollins,Paperback,384,2023,2023,,2024/01/18,to-read,to-read (#121),to-read,,,,0,0
63040118,The Story Collector,Evie Gaughan,"Gaughan, Evie",Evie  Woods,"=""""","=""""",0,4.02,Urbane Publications,Kindle Edition,,2022,2018,,2024/01/18,to-read,to-read (#120),to-read,,,,0,0
65137920,The Lost Bookshop,Evie  Woods,"Woods, Evie",Evie Gaughan,"=""0008609209""","=""9780008609207""",0,4.02,One More Chapter/HarperCollins UK,Kindle Edition,432,2023,2023,,2024/01/18,to-read,to-read (#119),to-read,,,,0,0
1772910,White Nights,Fyodor Dostoevsky,"Dostoevsky, Fyodor",Olga Shartse,"=""""","=""""",0,4.07,,Paperback,82,1848,1848,,2024/01/15,to-read,to-read (#118),to-read,,,,0,0
127282881,Family Family,Laurie Frankel,"Frankel, Laurie",,"=""1250236800""","=""9781250236807""",0,3.97,Henry Holt and Co.,Hardcover,400,2024,2024,,2024/01/15,to-read,to-read (#117),to-read,,,,0,0
40097951,The Silent Patient,Alex Michaelides,"Michaelides, Alex",,"=""1250301696""","=""9781250301697""",0,4.17,Celadon Books,Hardcover,336,2019,2019,,2024/01/15,to-read,to-read (#116),to-read,,,,0,0
62919394,Ripe,Sarah Rose Etter,"Etter, Sarah Rose",,"=""1668011638""","=""9781668011638""",0,3.60,Scribner,Hardcover,288,2023,2023,,2024/01/12,to-read,to-read (#115),to-read,,,,0,0
62226126,"The Last Devil to Die (Thursday Murder Club, #4)",Richard Osman,"Osman, Richard",,"=""0241512441""","=""9780241512449""",0,4.48,Viking,Hardcover,421,2023,2023,,2024/01/12,to-read,to-read (#114),to-read,,,,0,0
58957615,"The Bullet That Missed (Thursday Murder Club, #3)",Richard Osman,"Osman, Richard",,"=""0241512425""","=""9780241512425""",0,4.37,Viking,Hardcover,413,2022,2022,,2024/01/12,to-read,to-read (#113),to-read,,,,0,0
55457493,"The Man Who Died Twice (Thursday Murder Club, #2)",Richard Osman,"Osman, Richard",,"=""""","=""""",0,4.36,Penguin,Kindle Edition,422,2021,2021,,2024/01/12,to-read,to-read (#112),to-read,,,,0,0
46000520,"The Thursday Murder Club (Thursday Murder Club, #1)",Richard Osman,"Osman, Richard",,"=""""","=""""",0,3.87,Penguin Books,Kindle Edition,382,2020,2020,,2024/01/12,to-read,to-read (#111),to-read,,,,0,0
16299,And Then There Were None,Agatha Christie,"Christie, Agatha",,"=""0312330871""","=""9780312330873""",0,4.28,St. Martin's Griffin,Paperback,264,2004,1939,,2024/01/12,to-read,to-read (#110),to-read,,,,0,0
18143977,All the Light We Cannot See,Anthony Doerr,"Doerr, Anthony",,"=""1476746583""","=""9781476746586""",0,4.31,Scribner,Hardcover,544,2014,2014,,2024/01/11,to-read,to-read (#109),to-read,,,,0,0
166997,Stoner,John  Williams,"Williams, John",John McGahern,"=""1590171993""","=""9781590171998""",0,4.35,New York Review Books,Paperback,292,2006,1965,,2024/01/11,to-read,to-read (#108),to-read,,,,0,0
53799686,Anxious People,Fredrik Backman,"Backman, Fredrik",Neil   Smith,"=""1982121602""","=""9781982121600""",3,4.17,Simon & Schuster Canada,Paperback,336,2020,2019,,2024/01/10,to-read,to-read (#107),to-read,,,,0,0
61612864,"The Book That Wouldn’t Burn (The Library Trilogy, #1)",Mark  Lawrence,"Lawrence, Mark",,"=""0593437918""","=""9780593437919""",0,3.99,Ace,Hardcover,559,2023,2023,,2024/01/10,to-read,to-read (#106),to-read,,,,0,0
65650229,Wellness,Nathan  Hill,"Hill, Nathan",,"=""0593536118""","=""9780593536117""",0,3.98,Knopf,Hardcover,611,2023,2023,,2024/01/10,to-read,to-read (#105),to-read,,,,0,0
38728977,"The Molecule of More: How a Single Chemical in Your Brain Drives Love, Sex, and Creativity—and Will Determine the Fate of the Human Race",Daniel Z. Lieberman,"Lieberman, Daniel Z.",Michael E. Long,"=""1946885118""","=""9781946885111""",0,4.14,BenBella Books,Hardcover,240,2018,2018,,2024/01/10,to-read,to-read (#104),to-read,,,,0,0
29555865,Never Split the Difference: Negotiating as if Your Life Depended on It,Chris Voss,"Voss, Chris",Tahl Raz,"=""0062407813""","=""9780062407818""",5,4.35,Harper Business,Kindle Edition,285,2016,2016,2024/01/09,2023/10/30,,,read,,,,1,0
13054604,The Secret History,Donna Tartt,"Tartt, Donna",,"=""""","=""""",0,4.16,Vintage,ebook,578,2011,1992,2024/01/09,2022/12/05,currently-reading,currently-reading (#13),currently-reading,,,,2,0
62047992,"Days at the Morisaki Bookshop (Days at the Morisaki Bookshop, #1)",Satoshi Yagisawa,"Yagisawa, Satoshi",Eric Ozawa,"=""0063278677""","=""9780063278677""",5,3.64,Harper Perennial,Paperback,150,2023,2010,2023/12/29,2023/12/29,,,read,,,,1,0
7070576,1415: Henry V's Year of Glory,Ian Mortimer,"Mortimer, Ian",,"=""0224079921""","=""9780224079921""",0,4.00,Bodley Head,Hardcover,640,2009,2009,,2023/12/24,to-read,to-read (#103),to-read,,,,0,0
21945052,The Hundred Years War: A People's History,David  Green,"Green, David",,"=""0300134517""","=""9780300134513""",0,3.73,Yale University Press,Hardcover,360,2014,2014,,2023/12/24,to-read,to-read (#102),to-read,,,,0,0
199235727,"The Housemaid Is Watching (The Housemaid, #3)",Freida McFadden,"McFadden, Freida",,"=""1464223319""","=""9781464223310""",0,3.87,Sourcebooks,Paperback,364,2024,2024,,2023/12/09,to-read,to-read (#101),to-read,,,,0,0
60556912,"The Housemaid (The Housemaid, #1)",Freida McFadden,"McFadden, Freida",,"=""1803144378""","=""9781803144375""",0,4.30,Bookouture,Kindle Edition,329,2022,2022,,2023/12/09,to-read,to-read (#100),to-read,,,,0,0
62848145,"The Housemaid's Secret (The Housemaid, #2)",Freida McFadden,"McFadden, Freida",,"=""1837901317""","=""9781837901319""",0,4.20,Bookouture,Kindle Edition,318,2023,2023,,2023/12/09,to-read,to-read (#99),to-read,,,,0,0
60660302,Everything Calls for Salvation,Daniele Mencarelli,"Mencarelli, Daniele",Wendy Wheatley,"=""1609458079""","=""9781609458072""",0,4.17,Europa Editions,Kindle Edition,176,2023,2020,,2023/12/05,to-read,to-read (#98),to-read,,,,0,0
38458438,The Houseguest and Other Stories,Amparo Dávila,"Dávila, Amparo","Matthew Gleeson, Audrey Harris","=""0811228215""","=""9780811228213""",0,3.62,New Directions,Paperback,122,2018,2018,,2023/12/05,to-read,to-read (#97),to-read,,,,0,0
91274427,What You Are Looking For Is in the Library,Michiko Aoyama,"Aoyama, Michiko",Alison Watts,"=""1335005625""","=""9781335005625""",0,4.06,Hanover Square Press,Hardcover,304,2023,2020,,2023/12/04,to-read,to-read (#96),to-read,,,,0,0
123181603,弟弟 (Traditional Chinese Edition),陳慧,"陳慧, 陳慧",,"=""6263143495""","=""9786263143494""",2,4.46,木馬文化,Kindle Edition,182,2023,,,2023/11/30,,,read,,,,1,0
23157033,海邊的卡夫卡 下,Haruki Murakami,"Murakami, Haruki","村上春樹, 賴明珠","=""9571338419""","=""9789571338415""",3,4.11,時報文化,Paperback,358,2003,,,2023/08/06,,,read,,,,1,0
49110165,Sorrow and Bliss,Meg Mason,"Mason, Meg",,"=""""","=""""",0,4.08,4th Estate - AU,Paperback,352,2021,2020,,2023/11/24,to-read,to-read (#95),to-read,,,,0,0
57945316,Babel,R.F. Kuang,"Kuang, R.F.",,"=""0063021420""","=""9780063021426""",0,4.16,Harper Voyager,Hardcover,544,2022,2022,,2023/11/08,to-read,to-read (#94),to-read,,,,0,0
8143909,Foster,Claire Keegan,"Keegan, Claire",,"=""0571255655""","=""9780571255658""",0,4.32,Faber & Faber,Paperback,89,2010,2010,,2023/11/07,to-read,to-read (#93),to-read,,,,0,0
18774964,A Man Called Ove,Fredrik Backman,"Backman, Fredrik",Henning Koch,"=""1476738017""","=""9781476738017""",5,4.38,Atria Books,Hardcover,337,2014,2012,2023/11/07,2023/07/06,,,read,,,,1,0
59903149,Strong Female Character,Fern  Brady,"Brady, Fern",,"=""1914240448""","=""9781914240447""",0,4.43,Brazen,Hardcover,288,2023,2023,,2023/11/07,to-read,to-read (#92),to-read,,,,0,0
280582,"Work, Consumerism and the New Poor (Issues in Society)",Zygmunt Bauman,"Bauman, Zygmunt",,"=""033521598X""","=""9780335215980""",0,4.17,Open University Press,Paperback,144,2004,1998,,2023/10/28,to-read,to-read (#91),to-read,,,,0,0
29525489,Business Bullshit,André Spicer,"Spicer, André",,"=""1138911666""","=""9781138911666""",0,3.60,Routledge,Hardcover,212,2017,,,2023/10/16,to-read,to-read (#90),to-read,,,,0,0
65678550,The Heaven & Earth Grocery Store,James   McBride,"McBride, James",,"=""0593422945""","=""9780593422946""",0,3.93,Riverhead Books,Hardcover,385,2023,2023,,2023/10/16,to-read,to-read (#89),to-read,,,,0,0
1958425,How to Increase Your Word Power,Stuart Berg Flexner,"Flexner, Stuart Berg",,"=""0898792924""","=""9780898792928""",0,3.83,Writers Digest Books,Hardcover,540,1892,1971,,2023/10/13,to-read,to-read (#88),to-read,,,,0,0
41104077,Invisible Women: Data Bias in a World Designed for Men,Caroline Criado Pérez,"Pérez, Caroline Criado",,"=""1419729071""","=""9781419729072""",0,4.34,Abrams Press,Hardcover,448,2019,2019,,2023/10/05,to-read,to-read (#87),to-read,,,,0,0
24113,"Gödel, Escher, Bach: An Eternal Golden Braid",Douglas R. Hofstadter,"Hofstadter, Douglas R.",,"=""0465026567""","=""9780465026562""",0,4.29,Basic Books,Paperback,777,1999,1979,,2023/10/04,to-read,to-read (#86),to-read,,,,0,0
29939161,Radical Candor: Be a Kickass Boss Without Losing Your Humanity,Kim Malone Scott,"Scott, Kim Malone",,"=""1250103509""","=""9781250103505""",0,4.06,St. Martin's Press,Hardcover,336,2017,2017,,2023/09/26,to-read,to-read (#85),to-read,,,,0,0
58784475,"Tomorrow, and Tomorrow, and Tomorrow",Gabrielle Zevin,"Zevin, Gabrielle",,"=""0735243344""","=""9780735243347""",0,4.13,Knopf,Hardcover,401,2022,2022,,2023/09/26,to-read,to-read (#84),to-read,,,,0,0
58065033,Lessons in Chemistry,Bonnie Garmus,"Garmus, Bonnie",,"=""""","=""""",0,4.28,Doubleday Books,Hardcover,390,2022,2022,,2023/09/26,to-read,to-read (#83),to-read,,,,0,0
16181775,"The Rosie Project (Don Tillman, #1)",Graeme Simsion,"Simsion, Graeme",,"=""1476729085""","=""9781476729084""",0,4.01,Simon & Schuster,Hardcover,292,2013,2013,,2023/09/26,to-read,to-read (#82),to-read,,,,0,0
54828706,In the Kitchen: Essays on Food and Life,Juliet Annan,"Annan, Juliet","Yemisi Aribisala, Laura   Freeman, Joel Golby, Daisy Johnson, Rebecca May Johnson, Rebecca Liu, Nina Mingya Powles, Ella Risbridger, Rachel Roddy, Mayukh Sen, Ruby Tandoh, Julia Turshen","=""1911547666""","=""9781911547662""",0,4.05,Daunt Books,Paperback,177,2020,2020,,2023/09/21,to-read,to-read (#81),to-read,,,,0,0
27833843,Unnatural Causes: The Life and Many Deaths of Britain's Top Forensic Pathologist,Richard Shepherd,"Shepherd, Richard",,"=""0718182715""","=""9780718182717""",0,4.32,Michael Joseph,Hardcover,400,2018,2018,,2023/09/19,to-read,to-read (#80),to-read,,,,0,0
25899336,When Breath Becomes Air,Paul Kalanithi,"Kalanithi, Paul",Abraham   Verghese,"=""0812988418""","=""9780812988413""",0,4.41,Random House,Kindle Edition,208,2016,2016,,2023/09/19,to-read,to-read (#79),to-read,,,,0,0
50364458,The Tyranny of Merit: What's Become of the Common Good?,Michael J. Sandel,"Sandel, Michael J.",,"=""0241407605""","=""9780241407608""",0,4.19,Allen Lane,Paperback,272,2020,2020,,2023/09/18,to-read,to-read (#78),to-read,,,,0,0
35510008,This is Going to Hurt: Secret Diaries of a Junior Doctor,Adam Kay,"Kay, Adam",,"=""""","=""""",5,4.40,Picador,ebook,285,2017,2017,2023/08/25,2023/07/23,,,read,,,,1,0
15014,Crucial Conversations: Tools for Talking When Stakes are High,Kerry Patterson,"Patterson, Kerry","Stephen R. Covey, Joseph Grenny, Ron McMillan, Al Switzler","=""0071401946""","=""9780071401944""",0,4.07,McGraw-Hill,Paperback,240,2002,2002,,2023/08/22,to-read,to-read (#77),to-read,,,,0,0
11966836,Below Stairs,Margaret Powell,"Powell, Margaret",,"=""1250005442""","=""9781250005441""",0,3.58,St. Martin's Press,Hardcover,212,2012,1968,,2023/08/20,to-read,to-read (#75),to-read,,,,0,0
4931,海邊的卡夫卡 上,Haruki Murakami,"Murakami, Haruki","村上春樹, 賴明珠","=""9571338400""","=""9789571338408""",4,4.19,時報文化出版企業股份有限公司,Paperback,324,2003,2002,,2023/08/06,,,read,,,,1,0
59634120,Small Worlds,Caleb Azumah Nelson,"Nelson, Caleb Azumah",,"=""024157434X""","=""9780241574348""",0,4.28,Viking,Paperback,260,2023,2023,,2023/07/14,to-read,to-read (#74),to-read,,,,0,0
105501914,Leigh Howard and the Ghosts of Simmons-Pierce Manor,Shawn M. Warner,"Warner, Shawn M.",,"=""1685130739""","=""9781685130732""",0,4.01,Black Rose Writing,Paperback,263,2022,2022,,2023/07/13,to-read,to-read (#73),to-read,,,,0,0
49788058,Eleanor Oliphant Is Completely Fine,Gail Honeyman,"Honeyman, Gail",,"=""""","=""""",5,4.23,Penguin Books,Kindle Edition,331,2018,2017,2023/07/12,2023/07/01,,,read,,,,1,0
57224204,The Seven Moons of Maali Almeida,Shehan Karunatilaka,"Karunatilaka, Shehan",,"=""1908745908""","=""9781908745903""",0,3.91,Sort of Books,Hardcover,386,2022,2022,,2023/07/01,to-read,to-read (#72),to-read,,,,0,0
58891551,Young Mungo,Douglas   Stuart,"Stuart, Douglas",,"=""0802159559""","=""9780802159557""",0,4.38,Grove Press,Hardcover,390,2022,2022,,2023/06/27,to-read,to-read (#71),to-read,,,,0,0
36006302,辦公室,胡晴舫,"胡晴舫, 胡晴舫",,"=""""","=""9789867108012""",0,4.33,INK印刻出版有限公司,Paperback,191,2005,,,2023/05/21,to-read,to-read (#70),to-read,,,,0,0
58662236,Small Things Like These,Claire Keegan,"Keegan, Claire",,"=""0802158749""","=""9780802158741""",0,4.13,Grove Press,Hardcover,128,2021,2021,,2023/04/29,to-read,to-read (#69),to-read,,,,0,0
7144,Crime and Punishment,Fyodor Dostoevsky,"Dostoevsky, Fyodor","David McDuff, Joseph Frank","=""""","=""""",0,4.28,Penguin,Paperback,671,2002,1866,,2020/02/22,currently-reading,currently-reading (#11),currently-reading,,,,1,0
36666151,拾香紀,陳慧,"陳慧, 陳慧",,"=""9629923386""","=""9789629923389""",5,4.38,七字頭,Paperback,,1998,1999,2023/04/11,2023/04/09,,,read,,,,1,0
35224992,Last Night at the Telegraph Club,Malinda Lo,"Lo, Malinda",,"=""0525555250""","=""9780525555254""",0,4.21,Dutton Books for Young Readers,Hardcover,409,2021,2021,,2023/04/09,to-read,to-read (#68),to-read,,,,0,0
58040512,Normal People,Sally Rooney,"Rooney, Sally",,"=""""","=""""",4,3.81,Hogarth,Kindle Edition,279,2019,2018,2023/04/09,2020/02/22,,,read,,,,1,0
58588577,識去旅行，一定係去伊朗,Angel Ng,"Ng, Angel",伍珩,"=""""","=""9789887486978""",4,3.73,白卷出版社,Kindle Edition,212,2021,,,2023/03/20,,,read,,,,1,0
59629744,Diary of a Void,Emi Yagi,"Yagi, Emi","David  Boyd, Lucy North","=""0143136879""","=""9780143136873""",0,3.50,Viking,Hardcover,213,2022,2020,,2023/03/12,to-read,to-read (#67),to-read,,,,0,0
457264,The Second Sex,Simone de Beauvoir,"Beauvoir, Simone de","H.M. Parshley, Deirdre Bair","=""0679724516""","=""9780679724513""",0,4.18,Vintage,Paperback,746,1989,1949,,2023/03/10,to-read,to-read (#66),to-read,,,,0,0
55468002,My Year of Rest and Relaxation,Ottessa Moshfegh,"Moshfegh, Ottessa",,"=""""","=""""",0,3.61,Penguin Books,Kindle Edition,301,2018,2018,,2023/02/12,currently-reading,currently-reading (#10),currently-reading,,,,1,0
59142475,Cleopatra and Frankenstein,Coco Mellors,"Mellors, Coco",,"=""1635576822""","=""9781635576825""",0,3.71,Bloomsbury Publishing,Kindle Edition,378,2022,2022,,2023/02/16,to-read,to-read (#65),to-read,,,,0,0
60727041,We Have Always Lived in the Castle,Shirley Jackson,"Jackson, Shirley",,"=""""","=""""",0,3.92,Grapevine India,Kindle Edition,204,2022,1962,,2023/01/04,currently-reading,currently-reading (#9),currently-reading,,,,1,0
32620332,The Seven Husbands of Evelyn Hugo,Taylor Jenkins Reid,"Reid, Taylor Jenkins",,"=""1501139231""","=""9781501139239""",5,4.40,Atria Books,Hardcover,389,2017,2017,2022/04/25,2022/04/15,favourite,favourite (#8),read,,,,1,0
49552,The Stranger,Albert Camus,"Camus, Albert",Matthew  Ward,"=""""","=""""",4,4.03,Vintage International,Paperback,123,1989,1942,,2020/08/01,favourite,favourite (#7),read,,,,1,0
40961427,1984,George Orwell,"Orwell, George",,"=""""","=""""",5,4.20,Houghton Mifflin Harcourt,ebook,298,2013,1949,,2020/02/22,favourite,favourite (#6),read,,,,1,0
48765240,"How to Feed a Dictator: Saddam Hussein, Idi Amin, Enver Hoxha, Fidel Castro, and Pol Pot Through the Eyes of Their Cooks",Witold Szabłowski,"Szabłowski, Witold",Antonia Lloyd-Jones,"=""1101993391""","=""9781101993392""",5,4.20,Penguin Books,Kindle Edition,286,2020,2019,2022/04/17,2022/04/12,favourite,favourite (#4),read,,,,1,0
17690,The Trial,Franz Kafka,"Kafka, Franz","Max Brod, Willa Muir, Edwin Muir","=""""","=""""",4,3.94,Vintage,Paperback,255,2001,1925,2020/07/25,2020/07/25,favourite,favourite (#3),read,,,,1,0
44752307,Loveless,Alice Oseman,"Oseman, Alice",,"=""""","=""""",5,4.18,HarperCollins Children's Books,Kindle Edition,443,2020,2020,2022/01/27,2022/01/20,favourite,favourite (#2),read,,,,1,0
6631066,The Housekeeper and the Professor,Yōko Ogawa,"Ogawa, Yōko",Stephen    Snyder,"=""""","=""""",5,4.05,Picador,Kindle Edition,191,2009,2003,2021/11/28,2021/11/18,favourite,favourite (#1),read,,,,1,0
56732449,The Love Hypothesis,Ali Hazelwood,"Hazelwood, Ali",,"=""0593336828""","=""9780593336823""",1,4.11,"A Jove Book, Berkley",Paperback,356,2021,2021,,2022/12/05,dnf,dnf (#2),read,,,,1,0
58690308,Book Lovers,Emily Henry,"Henry, Emily",,"=""0593334833""","=""9780593334836""",1,4.11,Berkley,Paperback,377,2022,2022,2022/05/13,2022/02/06,dnf,dnf (#1),read,,,,1,0
28921,The Remains of the Day,Kazuo Ishiguro,"Ishiguro, Kazuo",,"=""""","=""""",0,4.14,Faber & Faber,Paperback,258,2005,1989,,2022/11/27,to-read,to-read (#64),to-read,,,,0,0
40778245,Convenience Store Woman,Sayaka Murata,"Murata, Sayaka",Ginny Tapley Takemori,"=""""","=""""",3,3.68,Granta Books,ebook,107,2018,2016,2022/03/06,2021/07/14,,,read,,,,1,0
5129,Brave New World,Aldous Huxley,"Huxley, Aldous",,"=""0060929871""","=""9780060929879""",3,3.99,HarperPerennial / Perennial Classics,Paperback,268,1998,1932,2022/11/09,2020/08/01,,,read,,,,1,0
11588,"The Shining (The Shining, #1)",Stephen        King,"King, Stephen",,"=""0450040186""","=""9780450040184""",0,4.28,New English Library (Hodder & Stoughton) ,Paperback,497,1980,1977,,2022/11/01,to-read,to-read (#63),to-read,,,,0,0
16130549,"Doctor Sleep (The Shining, #2)",Stephen        King,"King, Stephen",,"=""1476727651""","=""9781476727653""",0,4.13,Scribner,Hardcover,531,2013,2013,,2022/11/01,to-read,to-read (#62),to-read,,,,0,0
58537371,Nightcrawling,Leila Mottley,"Mottley, Leila",,"=""0593318935""","=""9780593318935""",0,3.96,Knopf,Hardcover,277,2022,2022,,2022/11/01,to-read,to-read (#61),to-read,,,,0,0
44088751,Pizza Girl,Jean Kyoung Frazier,"Frazier, Jean Kyoung",,"=""038554572X""","=""9780385545723""",0,3.35,Doubleday,Hardcover,208,2020,2020,,2022/11/01,to-read,to-read (#60),to-read,,,,0,0
38212150,"How to Behave Badly in Elizabethan England: A Guide for Knaves, Fools, Harlots, Cuckolds, Drunkards, Liars, Thieves, and Braggarts",Ruth Goodman,"Goodman, Ruth",,"=""1631495119""","=""9781631495113""",0,3.72,Liveright,Hardcover,320,2018,2018,,2022/10/20,to-read,to-read (#59),to-read,,,,0,0
57360187,活著 (Traditional Chinese Edition),余華,"余華, 余華",,"=""""","=""""",0,4.36,,Kindle Edition,105,2021,,,2022/10/08,to-read,to-read (#58),to-read,,,,0,0
26259833,Stalin's Englishman: The Lives of Guy Burgess,Andrew Lownie,"Lownie, Andrew",,"=""""","=""""",0,3.82,Hodder & Stoughton,Kindle Edition,449,2015,2015,,2022/09/25,to-read,to-read (#57),to-read,,,,0,0
57347786,Powers and Thrones: A New History of the Middle Ages,Dan Jones,"Jones, Dan",,"=""198488087X""","=""9781984880871""",0,4.40,Viking,Hardcover,636,2021,2021,,2022/09/24,to-read,to-read (#56),to-read,,,,0,0
60766346,優雅反駁的技術：善用溝通標靶，練就批判思考，讓對方服氣又不傷和氣,Nathan Uyttendaele,"Uyttendaele, Nathan","Adelina Kulmakhanova, 陳映竹","=""9571399590""","=""9789571399591""",5,3.94,時報出版 ,Kindle Edition,192,2022,,2022/04/07,2022/04/07,,,read,,,,1,0
56802275,Elena Knows,Claudia Piñeiro,"Piñeiro, Claudia",Frances Riddle,"=""""","=""""",0,4.06,Charco Press,Paperback,143,2021,2007,,2022/09/01,to-read,to-read (#55),to-read,,,,0,0
58533953,秦始皇最恐怖的遺言 (D系列 Book 4) (Traditional Chinese Edition),天航,"天航, 天航",,"=""""","=""""",0,4.78,Tinhong Publishing Co.,Kindle Edition,345,2021,,,2022/08/30,,,read,,,,1,0
58533952,先知瑪雅的預知夢 (D系列 Book 5) (Traditional Chinese Edition),天航,"天航, 天航",,"=""""","=""""",0,4.85,Tinhong Publishing Co.,Kindle Edition,380,2021,,,2022/08/30,,,read,,,,1,0
58533950,曼德拉超時空實驗 (D系列 Book 6) (Traditional Chinese Edition),天航,"天航, 天航",,"=""""","=""""",0,4.81,Tinhong Publishing Co.,Kindle Edition,342,2021,,,2022/08/30,,,read,,,,1,0
58515599,宮本武藏的末世傳人 (D系列 Book 3) (Traditional Chinese Edition),天航,"天航, 天航",,"=""""","=""""",0,4.70,Tinhong Publishing Co.,Kindle Edition,313,2021,,,2022/08/30,,,read,,,,1,0
58451423,蕭邦的刀，少女的微笑 (D系列 Book 2),天航,"天航, 天航",,"=""9881781574""","=""9789881781574""",0,4.83,Tinhong Publishing Co.,Kindle Edition,286,2021,,,2022/08/30,,,read,,,,1,0
54736523,愛因斯坦被摑了一巴 (D系列 Book 1) (Traditional Chinese Edition),天航,"天航, 天航",,"=""""","=""""",0,4.91,Tinhong Publishing Co.,Kindle Edition,288,2006,,,2022/08/30,,,read,,,,1,0
2213661,The Graveyard Book,Neil Gaiman,"Gaiman, Neil",Dave McKean,"=""0060530928""","=""9780060530921""",0,4.16,HarperCollins,Hardcover,312,2008,2008,,2022/08/24,to-read,to-read (#54),to-read,,,,0,0
45047384,"The House in the Cerulean Sea (Cerulean Chronicles, #1)",T.J. Klune,"Klune, T.J.",,"=""""","=""""",5,4.38,Tor Books,Kindle Edition,394,2020,2020,2022/08/04,2022/04/17,,,read,,,,1,0
19245443,The Fanatic,James Robertson,"Robertson, James",,"=""000740476X""","=""9780007404766""",0,3.63,Fourth Estate,Kindle Edition,323,2013,2000,,2022/07/16,currently-reading,currently-reading (#8),currently-reading,,,,1,0
517188,The Prime of Miss Jean Brodie,Muriel Spark,"Spark, Muriel",,"=""0060931736""","=""9780060931735""",0,3.70,Harper Perennial,Paperback,150,1999,1961,,2022/07/16,to-read,to-read (#53),to-read,,,,0,0
12767686,醜陋的中國人,柏楊,"柏楊, 柏楊",,"=""""","=""""",0,3.69,星光,Paperback,364,1992,1981,,2022/04/18,to-read,to-read (#48),to-read,,,,0,0
11337,The Bluest Eye,Toni Morrison,"Morrison, Toni",,"=""""","=""""",0,4.13,Plume,Paperback,216,2005,1970,,2022/05/09,to-read,to-read (#52),to-read,,,,0,0
13537029,The Song of Achilles,Madeline Miller,"Miller, Madeline",,"=""""","=""""",0,4.31,HarperCollins,Kindle Edition,351,2012,2011,,2022/05/09,currently-reading,currently-reading (#7),currently-reading,,,,1,0
57809811,The Bread the Devil Knead,Lisa Allen-Agostini,"Allen-Agostini, Lisa",,"=""1912408988""","=""9781912408986""",0,4.02,Myriad Editions,ebook,277,2021,2021,,2022/05/08,to-read,to-read (#51),to-read,,,,0,0
74034,Amusing Ourselves to Death: Public Discourse in the Age of Show Business,Neil Postman,"Postman, Neil",Andrew Postman,"=""014303653X""","=""9780143036531""",4,4.16,Penguin Books,Paperback,184,2005,1985,2022/05/08,2021/10/30,,,read,,,,1,0
54621096,"The Appeal (The Appeal, #1)",Janice Hallett,"Hallett, Janice",,"=""1788165292""","=""9781788165297""",0,3.84,Viper,Paperback,447,2021,2021,,2022/05/04,to-read,to-read (#50),to-read,,,,0,0
117833,The Master and Margarita,Mikhail Bulgakov,"Bulgakov, Mikhail","Diana Lewis Burgin, Katherine Tiernan O'Connor, Ellendea Proffer, Hans Fronius, Михаил Афанасьевич Булгаков","=""0679760806""","=""9780679760801""",0,4.29,Vintage International,Paperback,372,1996,1967,,2021/12/08,to-read,to-read (#49),to-read,,,,0,0
8217236,The Yellow Wallpaper,Charlotte Perkins Gilman,"Gilman, Charlotte Perkins",,"=""""","=""""",0,4.08,Public Domain Books,Kindle Edition,63,2009,1892,,2022/04/15,to-read,to-read (#47),to-read,,,,0,0
1953,A Tale of Two Cities,Charles Dickens,"Dickens, Charles",Richard Maxwell,"=""0141439602""","=""9780141439600""",0,3.88,Penguin Books,Paperback,489,2003,1859,,2022/04/13,to-read,to-read (#46),to-read,,,,0,0
20871595,銀河鐵道之夜,Kenji Miyazawa,"Miyazawa, Kenji",賴庭筠,"=""9861858059""","=""9789861858050""",0,3.78,英屬維京群島商高寶國際有限公司台灣分公司,Paperback,304,2014,1934,,2022/04/13,to-read,to-read (#45),to-read,,,,0,0
17556523,Night on the Galactic Railroad and Other Stories from Ihatov (Modern Japanese Classics),Kenji Miyazawa,"Miyazawa, Kenji",Julianne Neville,"=""1935548352""","=""9781935548355""",0,4.02,One Peace Books,Paperback,112,2014,2013,,2022/04/13,to-read,to-read (#44),to-read,,,,0,0
60498440,入境大廳,陳偉棻,"陳偉棻, 陳偉棻",,"=""9571397474""","=""9789571397474""",0,4.60,時報出版,Kindle Edition,156,2022,,,2022/04/12,to-read,to-read (#43),to-read,,,,0,0
55276648,The Reading List,Sara Nisha Adams,"Adams, Sara Nisha",,"=""0063025280""","=""9780063025288""",0,4.07,William Morrow,Hardcover,368,2021,2021,,2022/04/11,to-read,to-read (#42),to-read,,,,0,0
57926137,Black Cake,Charmaine Wilkerson,"Wilkerson, Charmaine",,"=""""","=""""",0,4.09,Ballantine Books,Hardcover,385,2022,2022,,2022/04/11,to-read,to-read (#41),to-read,,,,0,0
52761909,The Paris Library,Janet Skeslien Charles,"Charles, Janet Skeslien",,"=""1982134194""","=""9781982134198""",0,4.07,Atria Books,Hardcover,368,2021,2021,,2022/04/08,to-read,to-read (#40),to-read,,,,0,0
11334,Song of Solomon,Toni Morrison,"Morrison, Toni",,"=""140003342X""","=""9781400033423""",0,4.15,Vintage,Paperback,338,2004,1977,,2022/04/08,to-read,to-read (#39),to-read,,,,0,0
60715194,優雅反駁的技術：善用溝通標靶，練就批判思考，讓對方服氣又不傷和氣,Nathan Uyttendael,"Uyttendael, Nathan","納森．宇天達爾, Adelina Kulmakhanova, 雅德俐娜．庫瑪珈諾娃, 陳映竹","=""957139954X""","=""9789571399546""",5,3.94,時報出版 ,Paperback,192,2022,,,2022/04/07,,,read,,,,1,0
1842,"Guns, Germs, and Steel: The Fates of Human Societies",Jared Diamond,"Diamond, Jared",,"=""0739467352""","=""9780739467350""",0,4.04,W.W. Norton & Company,Paperback,498,2005,1997,,2020/02/22,currently-reading,currently-reading (#6),currently-reading,,,,1,0
53316400,法蘭西全史：從凱撒的高盧戰記到戴高樂將軍的自由法國，歐陸強權法蘭西的二千年史,John Julius Norwich,"Norwich, John Julius",何修瑜,"=""9865509156""","=""9789865509156""",0,3.98,馬可孛羅,Paperback,448,2020,2018,,2022/03/16,to-read,to-read (#38),to-read,,,,0,0
53415500,你不可能是漢族—— 百年民族魔咒大破解,吳銳,"吳銳, 吳銳",,"=""9865524120""","=""9789865524128""",0,3.42,八旗文化,Paperback,336,2020,,,2022/03/16,to-read,to-read (#37),to-read,,,,0,0
58082211,The Impossible City: A Hong Kong Memoir,Karen Cheung,"Cheung, Karen",,"=""0593241436""","=""9780593241431""",0,3.88,Random House,Hardcover,352,2022,2022,,2022/03/15,to-read,to-read (#36),to-read,,,,0,0
17265153,Ugly: The Aesthetics of Everything,Stephen Bayley,"Bayley, Stephen",,"=""1468307169""","=""9781468307160""",1,3.73,Abrams Press,Hardcover,272,2013,2012,2022/02/18,2022/02/05,,,read,,,,2,0
59934384,奇怪的歷史知識增加了！不能只有我知道的趣味歐洲史 (Traditional Chinese Edition),seayu（「即食歷史」版主）,"seayu（「即食歷史」版主）, seayu（「即食歷史」版主）",,"=""9860767467""","=""9789860767469""",5,3.71,馬可孛羅,Kindle Edition,294,2021,,2022/02/17,2022/02/02,,,read,,,,1,0
21094391,"The Romanovs, 1613-1918",Simon Sebag Montefiore,"Montefiore, Simon Sebag",,"=""0297852663""","=""9780297852667""",5,4.02,W&N,Hardcover,784,2016,2016,,2020/02/22,currently-reading,currently-reading (#1),currently-reading,,,,1,0
55216172,Empireland: How Imperialism has Shaped Modern Britain,Sathnam Sanghera,"Sanghera, Sathnam",,"=""0241445299""","=""9780241445297""",0,4.09,Viking,Hardcover,306,2021,2021,,2022/01/23,to-read,to-read (#35),to-read,,,,0,0
40988472,小日常的哲學,好青年荼毒室,"好青年荼毒室, 好青年荼毒室",,"=""9888395874""","=""9789888395873""",5,4.30,天窗,Kindle Edition,206,2018,,2022/01/19,2021/10/11,,,read,,,,1,0
2761,The Denial of Death,Ernest Becker,"Becker, Ernest",Sam Keen,"=""""","=""""",0,4.06,Free Press,Paperback,336,1997,1973,,2021/12/17,to-read,to-read (#34),to-read,,,,0,0
368916,"84, Charing Cross Road",Helene Hanff,"Hanff, Helene",,"=""""","=""""",0,4.16,Penguin Books,Paperback,106,1990,1970,,2021/12/11,to-read,to-read (#33),to-read,,,,0,0
22165824,The Good Soldier,Ford Madox Ford,"Ford, Ford Madox",,"=""1927854237""","=""9781927854235""",0,3.67,Joe Books,ebook,139,2014,1915,,2021/12/11,to-read,to-read (#32),to-read,,,,0,0
6334,Never Let Me Go,Kazuo Ishiguro,"Ishiguro, Kazuo",,"=""1400078776""","=""9781400078776""",0,3.85,Vintage Books ,Paperback,288,2010,2005,,2021/12/11,to-read,to-read (#31),to-read,,,,0,0
16176440,We Are All Completely Beside Ourselves,Karen Joy Fowler,"Fowler, Karen Joy",,"=""0399162097""","=""9780399162091""",0,3.71,Plume,Hardcover,310,2013,2013,,2021/12/11,to-read,to-read (#30),to-read,,,,0,0
35819788,好青年哲學讀本,好青年荼毒室,"好青年荼毒室, 好青年荼毒室",,"=""9888395564""","=""9789888395569""",5,4.21,天窗,Kindle Edition,222,2017,2017,2021/12/03,2021/10/11,,,read,,,,1,0
25957172,先知瑪雅的預知夢,天航,"天航, 天航",,"=""9881636000""","=""9789881636003""",5,4.19,天航出版社,Paperback,427,2015,2015,,2020/08/01,,,read,,,,1,0
25957125,宮本武藏的末世傳人,天航,"天航, 天航",,"=""9881781558""","=""9789881781550""",5,4.31,天航出版社,Paperback,360,2011,2011,,2020/08/01,,,read,,,,1,0
19165630,秦始皇最恐怖的遺言,天航,"天航, 天航",,"=""9881636094""","=""9789881636096""",5,4.48,天航出版社,Paperback,384,2012,2012,,2020/08/01,,,read,,,,1,0
25957101,蕭邦的刀，少女的微笑,天航,"天航, 天航",,"=""""","=""9789889784492""",5,4.05,天航出版社,Paperback,315,2007,2007,,2020/08/01,,,read,,,,1,0
42096723,曼德拉超時空實驗,天航,"天航, 天航",,"=""9881367042""","=""9789881367044""",4,3.92,天航出版社,Paperback,371,2018,2018,,2020/08/01,,,read,,,,1,0
43923951,Such a Fun Age,Kiley Reid,"Reid, Kiley",,"=""052554190X""","=""9780525541905""",0,3.78,G.P. Putnam's Sons,Hardcover,310,2019,2019,,2021/11/18,to-read,to-read (#29),to-read,,,,0,0
40876575,Utopia for Realists: How We Can Build the Ideal World,Rutger Bregman,"Bregman, Rutger",,"=""0316471909""","=""9780316471909""",0,4.22,"Little, Brown and Company",Kindle Edition,262,2017,2014,,2021/10/23,to-read,to-read (#28),to-read,,,,0,0
57928536,Humankind: A Hopeful History,Rutger Bregman,"Bregman, Rutger",,"=""9781408898""","=""9789781408892""",0,4.32,Bloomsbury,Paperback,496,2021,2019,,2021/10/23,to-read,to-read (#27),to-read,,,,0,0
58577870,惡之華，聖光之十字 (D系列 Book 7) (Traditional Chinese Edition),天航,"天航, 天航",,"=""9881367158""","=""9789881367150""",5,4.66,Tinhong Publishing Co.,Kindle Edition,369,2021,,2021/09/09,2021/09/09,,,read,,,,2,0
7613,Animal Farm,George Orwell,"Orwell, George","Ann Patchett, Téa Obreht","=""""","=""""",5,4.01,Plume,Paperback,129,2003,1945,,2020/02/22,,,read,,,,1,0
52090,Eichmann in Jerusalem: A Report on the Banality of Evil,Hannah Arendt,"Arendt, Hannah",,"=""""","=""""",0,4.20,Penguin Classics,Paperback,312,2006,1963,,2021/08/27,to-read,to-read (#26),to-read,,,,0,0
5107,The Catcher in the Rye,J.D. Salinger,"Salinger, J.D.",,"=""0316769177""","=""9780316769174""",0,3.80,Back Bay Books,Paperback,277,2001,1951,,2021/08/27,to-read,to-read (#25),to-read,,,,0,0
4934,The Brothers Karamazov,Fyodor Dostoevsky,"Dostoevsky, Fyodor","Richard Pevear, Larissa Volokhonsky","=""0374528373""","=""9780374528379""",0,4.38,"Farrar, Straus and Giroux",Paperback,796,2002,1880,,2021/08/27,to-read,to-read (#24),to-read,,,,0,0
153747,"Moby-Dick or, The Whale",Herman Melville,"Melville, Herman","Andrew Delbanco, Tom Quirk","=""0142437247""","=""9780142437247""",0,3.56,Penguin Classics ,Paperback,720,2003,1851,,2021/07/22,to-read,to-read (#23),to-read,,,,0,0
11989,The Plague,Albert Camus,"Camus, Albert",Stuart Gilbert,"=""""","=""""",0,4.02,Vintage International,Paperback,308,1991,1947,,2021/07/22,currently-reading,currently-reading (#5),currently-reading,,,,1,0
384786,The Power of the Powerless,Václav Havel,"Havel, Václav",John Keane,"=""0873327616""","=""9780873327619""",4,4.21,Routledge,Paperback,228,1985,1978,2021/07/20,2021/07/17,,,read,,,,2,0
34066798,A Gentleman in Moscow,Amor Towles,"Towles, Amor",,"=""""","=""""",0,4.32,Penguin Books,Paperback,462,2019,2016,,2021/07/18,to-read,to-read (#22),to-read,,,,0,0
51791252,The Vanishing Half,Brit Bennett,"Bennett, Brit",,"=""0525536299""","=""9780525536291""",0,4.13,Riverhead Books,Hardcover,343,2020,2020,,2021/06/20,to-read,to-read (#21),to-read,,,,0,0
2524364,Norwegian Wood,Haruki Murakami,"Murakami, Haruki",,"=""""","=""""",0,4.00,EKSMO Publishers,Paperback,479,2006,1987,,2021/06/20,to-read,to-read (#20),to-read,,,,0,0
19063,The Book Thief,Markus Zusak,"Zusak, Markus",,"=""""","=""""",0,4.39,Alfred A. Knopf,Kindle Edition,592,2006,2005,,2020/02/22,currently-reading,currently-reading (#4),currently-reading,,,,1,0
13153370,My Policeman,Bethan Roberts,"Roberts, Bethan",,"=""0701185848""","=""9780701185848""",0,4.00,Chatto & Windus,Hardcover,352,2012,2012,,2021/06/19,to-read,to-read (#19),to-read,,,,0,0
32187419,Conversations with Friends,Sally Rooney,"Rooney, Sally",,"=""0451499077""","=""9780451499073""",0,3.74,Hogarth,Kindle Edition,304,2017,2017,,2021/06/19,to-read,to-read (#18),to-read,,,,0,0
50210498,Loss Adjustment,Linda Collins,"Collins, Linda",,"=""""","=""""",0,4.20,Ethos Books,Paperback,316,2019,2019,,2021/06/16,to-read,to-read (#17),to-read,,,,0,0
39507910,A Duty to Resist: When Disobedience Should Be Uncivil,Candice Delmas,"Delmas, Candice",,"=""0190872195""","=""9780190872199""",0,3.81,Oxford University Press,Hardcover,312,2018,,,2021/03/30,to-read,to-read (#16),to-read,,,,0,0
53638250,暴民法：當國家為惡、政治失控、正義失靈，人民的反抗無罪,Jason Brennan,"Brennan, Jason","傑森‧布倫南, 劉維人","=""""","=""""",0,3.73,聯經出版,Kindle Edition,328,2020,,,2021/03/30,currently-reading,currently-reading (#3),currently-reading,,,,1,0
55248977,大時代的哲學,好青年荼毒室,"好青年荼毒室, 好青年荼毒室",,"=""988859947X""","=""9789888599479""",5,4.52,天窗出版社,Kindle Edition,254,2020,,2021/04/25,2021/03/30,,,read,,,,1,0
8520610,Quiet: The Power of Introverts in a World That Can't Stop Talking,Susan Cain,"Cain, Susan",,"=""0307352145""","=""9780307352149""",5,4.08,"Crown Publishing Group/Random House, Inc.",Hardcover,333,2012,2012,2020/09/28,2020/07/25,,,read,,,,1,0
15811559,The Plantagenets: The Warrior Kings and Queens Who Made England,Dan Jones,"Jones, Dan",,"=""0670026654""","=""9780670026654""",0,4.25,Viking,Hardcover,534,2013,2012,,2020/08/06,to-read,to-read (#15),to-read,,,,0,0
37941844,Identity: The Demand for Dignity and the Politics of Resentment,Francis Fukuyama,"Fukuyama, Francis",,"=""0374129290""","=""9780374129293""",0,3.85,"Farrar, Straus and Giroux",Hardcover,240,2018,2018,,2020/08/02,currently-reading,currently-reading (#2),currently-reading,,,,1,0
20821092,Napoleon: A Life,Andrew Roberts,"Roberts, Andrew",,"=""0670025321""","=""9780670025329""",0,4.24,Viking Pr,Paperback,976,2014,2014,,2020/08/01,to-read,to-read (#14),to-read,,,,0,0
7624,Lord of the Flies,William Golding,"Golding, William",,"=""0140283331""","=""9780140283334""",0,3.70,Penguin Books ,Paperback,182,1999,1954,,2020/08/01,to-read,to-read (#13),to-read,,,,0,0
25957017,愛因斯坦被摑了一巴,天航,"天航, 天航",,"=""9881781566""","=""9789881781567""",5,4.48,天航出版社,Paperback,322,2006,2006,,2020/08/01,,,read,,,,1,0
42096795,黑童話集,天航,"天航, 天航",,"=""9881636078""","=""9789881636072""",5,4.50,天航出版社,Paperback,253,2014,2014,2020/07/31,2020/08/01,,,read,,,,1,0
13079982,Fahrenheit 451,Ray Bradbury,"Bradbury, Ray",,"=""""","=""""",5,3.97,Simon & Schuster,Kindle Edition,194,2011,1953,,2020/02/22,,,read,,,,1,0
50783598,City on Fire: The Fight for Hong Kong,Antony Dapiran,"Dapiran, Antony",,"=""1913348113""","=""9781913348113""",0,4.41,Scribe UK,Paperback,320,2020,2020,,2020/04/01,to-read,to-read (#12),to-read,,,,0,0
52799243,This Terrible Beauty,Katrin Schumann,"Schumann, Katrin",,"=""1542000068""","=""9781542000062""",0,4.15,Lake Union Publishing,Paperback,382,2020,2020,,2020/02/22,to-read,to-read (#2),to-read,,,,0,0
33917107,On Tyranny: Twenty Lessons from the Twentieth Century,Timothy Snyder,"Snyder, Timothy",,"=""0804190119""","=""9780804190114""",5,4.26,Tim Duggan Books,Paperback,127,2017,2017,,2020/02/22,,,read,,,,1,0
35356384,How Democracies Die: What History Reveals About Our Future,Steven Levitsky,"Levitsky, Steven",Daniel Ziblatt,"=""1524762938""","=""9781524762933""",0,4.16,Crown,Hardcover,320,2018,2018,,2020/02/22,to-read,to-read (#11),to-read,,,,0,0
23528852,How Propaganda Works,Jason F. Stanley,"Stanley, Jason F.",,"=""0691164428""","=""9780691164427""",0,3.56,Princeton University Press,Hardcover,376,2015,2015,,2020/02/22,to-read,to-read (#10),to-read,,,,0,0
38447,"The Handmaid’s Tale (The Handmaid's Tale, #1)",Margaret Atwood,"Atwood, Margaret",,"=""038549081X""","=""9780385490818""",0,4.15,Anchor Books,Paperback,311,1998,1985,,2020/02/22,to-read,to-read (#9),to-read,,,,0,0
33,The Lord of the Rings,J.R.R. Tolkien,"Tolkien, J.R.R.",,"=""0618640150""","=""9780618640157""",0,4.54,Houghton Mifflin Harcourt,Paperback,1216,2005,1954,,2020/02/22,to-read,to-read (#8),to-read,,,,0,0
40538681,Midnight in Chernobyl: The Untold Story of the World's Greatest Nuclear Disaster,Adam Higginbotham,"Higginbotham, Adam",,"=""1501134612""","=""9781501134616""",0,4.37,Simon & Schuster,Hardcover,538,2019,2019,,2020/02/22,to-read,to-read (#7),to-read,,,,0,0
28789711,SPQR: A History of Ancient Rome,Mary Beard,"Beard, Mary",,"=""1631492225""","=""9781631492228""",0,4.06,Liveright,Paperback,606,2016,2015,,2020/02/22,to-read,to-read (#6),to-read,,,,0,0
767171,The Rise and Fall of the Third Reich: A History of Nazi Germany,William L. Shirer,"Shirer, William L.",,"=""0671728687""","=""9780671728687""",0,4.22,Simon & Schuster,Mass Market Paperback,1147,1990,1960,,2020/02/22,to-read,to-read (#5),to-read,,,,0,0
38359036,"The Tattooist of Auschwitz (The Tattooist of Auschwitz, #1)",Heather   Morris,"Morris, Heather",,"=""006287067X""","=""9780062870674""",0,4.31,Harper,Hardcover,272,2018,2018,,2020/02/22,to-read,to-read (#4),to-read,,,,0,0
23692271,Sapiens: A Brief History of Humankind,Yuval Noah Harari,"Harari, Yuval Noah",,"=""""","=""""",0,4.34,Vintage,Paperback,512,2015,2011,,2020/02/22,to-read,to-read (#3),to-read,,,,0,0
48855,The Diary of a Young Girl,Anne Frank,"Frank, Anne","Eleanor Roosevelt, Susan Massotty, Γιάννης Θωμόπουλος, Barbara Mooyaart-Doubleday, Otto H. Frank, Mirjam Pressler","=""""","=""""",4,4.20,Bantam,Mass Market Paperback,283,1993,1947,,2020/02/22,,,read,,,,1,0
1934,"Little Women (Little Women, #1)",Louisa May Alcott,"Alcott, Louisa May","Regina Barreca, Grzegorz Komerski, Marta Fihel","=""""","=""""",4,4.17,Signet Classics,Mass Market Paperback,449,2004,1868,,2020/02/22,,,read,,,,1,0
4671,The Great Gatsby,F. Scott Fitzgerald,"Fitzgerald, F. Scott",,"=""0743273567""","=""9780743273565""",5,3.93,Scribner,Paperback,180,1925,1925,,2020/02/22,,,read,,,,1,0
1885,Pride and Prejudice,Jane Austen,"Austen, Jane",Anna Quindlen,"=""1441341706""","=""9781441341709""",5,4.29,Modern Library,Paperback,279,2023,1813,,2020/02/22,,,read,,,,1,0
38255329,How Fascism Works: The Politics of Us and Them,Jason F. Stanley,"Stanley, Jason F.",,"=""0525511830""","=""9780525511830""",5,4.22,Random House,Hardcover,240,2018,2018,,2020/02/22,,,read,,,,1,0
8520362,The Grand Design,Stephen Hawking,"Hawking, Stephen",Leonard Mlodinow,"=""0553805371""","=""9780553805376""",4,4.06,Bantam,Hardcover,199,2010,2010,,2016/07/30,,,read,,,,1,0
139310,The Oxford History of Ancient Egypt (Oxford Illustrated Histories),Ian Shaw,"Shaw, Ian",,"=""0198150342""","=""9780198150343""",0,4.03,Oxford University Press,Hardcover,512,2000,2000,,2016/07/30,to-read,to-read (#1),to-read,,,,0,0
